producto,marca,tamaños,tipo,cantidad
MOCHILA,NOVA,CHICO,BASICO,38
MOCHILA,NOVA,CHICO,ESCOLAR,75
MOCHILA,NOVA,CHICO,DEPORTIVO,12
MOCHILA,NOVA,CHICO,PREMIUM,49
MOCHILA,NOVA,CHICO,ECO,86
MOCHILA,NOVA,MEDIANO,BASICO,23
MOCHILA,NOVA,MEDIANO,ESCOLAR,60
MOCHILA,NOVA,MEDIANO,DEPORTIVO,97
MOCHILA,NOVA,MEDIANO,PREMIUM,34
MOCHILA,NOVA,MEDIANO,ECO,71
MOCHILA,NOVA,GRANDE,BASICO,8
MOCHILA,NOVA,GRANDE,ESCOLAR,45
MOCHILA,NOVA,GRANDE,DEPORTIVO,82
MOCHILA,NOVA,GRANDE,PREMIUM,19
MOCHILA,NOVA,GRANDE,ECO,56
MOCHILA,ALFA,CHICO,BASICO,93
MOCHILA,ALFA,CHICO,ESCOLAR,30
MOCHILA,ALFA,CHICO,DEPORTIVO,67
MOCHILA,ALFA,CHICO,PREMIUM,4
MOCHILA,ALFA,CHICO,ECO,41
MOCHILA,ALFA,MEDIANO,BASICO,78
MOCHILA,ALFA,MEDIANO,ESCOLAR,15
MOCHILA,ALFA,MEDIANO,DEPORTIVO,52
MOCHILA,ALFA,MEDIANO,PREMIUM,89
MOCHILA,ALFA,MEDIANO,ECO,26
MOCHILA,ALFA,GRANDE,BASICO,63
MOCHILA,ALFA,GRANDE,ESCOLAR,100
MOCHILA,ALFA,GRANDE,DEPORTIVO,37
MOCHILA,ALFA,GRANDE,PREMIUM,74
MOCHILA,ALFA,GRANDE,ECO,11
MOCHILA,OMEGA,CHICO,BASICO,48
MOCHILA,OMEGA,CHICO,ESCOLAR,85
MOCHILA,OMEGA,CHICO,DEPORTIVO,22
MOCHILA,OMEGA,CHICO,PREMIUM,59
MOCHILA,OMEGA,CHICO,ECO,96
MOCHILA,OMEGA,MEDIANO,BASICO,33
MOCHILA,OMEGA,MEDIANO,ESCOLAR,70
MOCHILA,OMEGA,MEDIANO,DEPORTIVO,7
MOCHILA,OMEGA,MEDIANO,PREMIUM,44
MOCHILA,OMEGA,MEDIANO,ECO,81
MOCHILA,OMEGA,GRANDE,BASICO,18
MOCHILA,OMEGA,GRANDE,ESCOLAR,55
MOCHILA,OMEGA,GRANDE,DEPORTIVO,92
MOCHILA,OMEGA,GRANDE,PREMIUM,29
MOCHILA,OMEGA,GRANDE,ECO,66
MOCHILA,DELTA,CHICO,BASICO,3
MOCHILA,DELTA,CHICO,ESCOLAR,40
MOCHILA,DELTA,CHICO,DEPORTIVO,77
MOCHILA,DELTA,CHICO,PREMIUM,14
MOCHILA,DELTA,CHICO,ECO,51
MOCHILA,DELTA,MEDIANO,BASICO,88
MOCHILA,DELTA,MEDIANO,ESCOLAR,25
MOCHILA,DELTA,MEDIANO,DEPORTIVO,62
MOCHILA,DELTA,MEDIANO,PREMIUM,99
MOCHILA,DELTA,MEDIANO,ECO,36
MOCHILA,DELTA,GRANDE,BASICO,73
MOCHILA,DELTA,GRANDE,ESCOLAR,10
MOCHILA,DELTA,GRANDE,DEPORTIVO,47
MOCHILA,DELTA,GRANDE,PREMIUM,84
MOCHILA,DELTA,GRANDE,ECO,21
MOCHILA,PRIME,CHICO,BASICO,58
MOCHILA,PRIME,CHICO,ESCOLAR,95
MOCHILA,PRIME,CHICO,DEPORTIVO,32
MOCHILA,PRIME,CHICO,PREMIUM,69
MOCHILA,PRIME,CHICO,ECO,6
MOCHILA,PRIME,MEDIANO,BASICO,43
MOCHILA,PRIME,MEDIANO,ESCOLAR,80
MOCHILA,PRIME,MEDIANO,DEPORTIVO,17
MOCHILA,PRIME,MEDIANO,PREMIUM,54
MOCHILA,PRIME,MEDIANO,ECO,91
MOCHILA,PRIME,GRANDE,BASICO,28
MOCHILA,PRIME,GRANDE,ESCOLAR,65
MOCHILA,PRIME,GRANDE,DEPORTIVO,2
MOCHILA,PRIME,GRANDE,PREMIUM,39
MOCHILA,PRIME,GRANDE,ECO,76
CUADERNO,NOVA,CHICO,BASICO,13
CUADERNO,NOVA,CHICO,ESCOLAR,50
CUADERNO,NOVA,CHICO,DEPORTIVO,87
CUADERNO,NOVA,CHICO,PREMIUM,24
CUADERNO,NOVA,CHICO,ECO,61
CUADERNO,NOVA,MEDIANO,BASICO,98
CUADERNO,NOVA,MEDIANO,ESCOLAR,35
CUADERNO,NOVA,MEDIANO,DEPORTIVO,72
CUADERNO,NOVA,MEDIANO,PREMIUM,9
CUADERNO,NOVA,MEDIANO,ECO,46
CUADERNO,NOVA,GRANDE,BASICO,83
CUADERNO,NOVA,GRANDE,ESCOLAR,20
CUADERNO,NOVA,GRANDE,DEPORTIVO,57
CUADERNO,NOVA,GRANDE,PREMIUM,94
CUADERNO,NOVA,GRANDE,ECO,31
CUADERNO,ALFA,CHICO,BASICO,68
CUADERNO,ALFA,CHICO,ESCOLAR,5
CUADERNO,ALFA,CHICO,DEPORTIVO,42
CUADERNO,ALFA,CHICO,PREMIUM,79
CUADERNO,ALFA,CHICO,ECO,16
CUADERNO,ALFA,MEDIANO,BASICO,53
CUADERNO,ALFA,MEDIANO,ESCOLAR,90
CUADERNO,ALFA,MEDIANO,DEPORTIVO,27
CUADERNO,ALFA,MEDIANO,PREMIUM,64
CUADERNO,ALFA,MEDIANO,ECO,1
CUADERNO,ALFA,GRANDE,BASICO,38
CUADERNO,ALFA,GRANDE,ESCOLAR,75
CUADERNO,ALFA,GRANDE,DEPORTIVO,12
CUADERNO,ALFA,GRANDE,PREMIUM,49
CUADERNO,ALFA,GRANDE,ECO,86
CUADERNO,OMEGA,CHICO,BASICO,23
CUADERNO,OMEGA,CHICO,ESCOLAR,60
CUADERNO,OMEGA,CHICO,DEPORTIVO,97
CUADERNO,OMEGA,CHICO,PREMIUM,34
CUADERNO,OMEGA,CHICO,ECO,71
CUADERNO,OMEGA,MEDIANO,BASICO,8
CUADERNO,OMEGA,MEDIANO,ESCOLAR,45
CUADERNO,OMEGA,MEDIANO,DEPORTIVO,82
CUADERNO,OMEGA,MEDIANO,PREMIUM,19
CUADERNO,OMEGA,MEDIANO,ECO,56
CUADERNO,OMEGA,GRANDE,BASICO,93
CUADERNO,OMEGA,GRANDE,ESCOLAR,30
CUADERNO,OMEGA,GRANDE,DEPORTIVO,67
CUADERNO,OMEGA,GRANDE,PREMIUM,4
CUADERNO,OMEGA,GRANDE,ECO,41
CUADERNO,DELTA,CHICO,BASICO,78
CUADERNO,DELTA,CHICO,ESCOLAR,15
CUADERNO,DELTA,CHICO,DEPORTIVO,52
CUADERNO,DELTA,CHICO,PREMIUM,89
CUADERNO,DELTA,CHICO,ECO,26
CUADERNO,DELTA,MEDIANO,BASICO,63
CUADERNO,DELTA,MEDIANO,ESCOLAR,100
CUADERNO,DELTA,MEDIANO,DEPORTIVO,37
CUADERNO,DELTA,MEDIANO,PREMIUM,74
CUADERNO,DELTA,MEDIANO,ECO,11
CUADERNO,DELTA,GRANDE,BASICO,48
CUADERNO,DELTA,GRANDE,ESCOLAR,85
CUADERNO,DELTA,GRANDE,DEPORTIVO,22
CUADERNO,DELTA,GRANDE,PREMIUM,59
CUADERNO,DELTA,GRANDE,ECO,96
CUADERNO,PRIME,CHICO,BASICO,33
CUADERNO,PRIME,CHICO,ESCOLAR,70
CUADERNO,PRIME,CHICO,DEPORTIVO,7
CUADERNO,PRIME,CHICO,PREMIUM,44
CUADERNO,PRIME,CHICO,ECO,81
CUADERNO,PRIME,MEDIANO,BASICO,18
CUADERNO,PRIME,MEDIANO,ESCOLAR,55
CUADERNO,PRIME,MEDIANO,DEPORTIVO,92
CUADERNO,PRIME,MEDIANO,PREMIUM,29
CUADERNO,PRIME,MEDIANO,ECO,66
CUADERNO,PRIME,GRANDE,BASICO,3
CUADERNO,PRIME,GRANDE,ESCOLAR,40
CUADERNO,PRIME,GRANDE,DEPORTIVO,77
CUADERNO,PRIME,GRANDE,PREMIUM,14
CUADERNO,PRIME,GRANDE,ECO,51
LAPICERA,NOVA,CHICO,BASICO,88
LAPICERA,NOVA,CHICO,ESCOLAR,25
LAPICERA,NOVA,CHICO,DEPORTIVO,62
LAPICERA,NOVA,CHICO,PREMIUM,99
LAPICERA,NOVA,CHICO,ECO,36
LAPICERA,NOVA,MEDIANO,BASICO,73
LAPICERA,NOVA,MEDIANO,ESCOLAR,10
LAPICERA,NOVA,MEDIANO,DEPORTIVO,47
LAPICERA,NOVA,MEDIANO,PREMIUM,84
LAPICERA,NOVA,MEDIANO,ECO,21
LAPICERA,NOVA,GRANDE,BASICO,58
LAPICERA,NOVA,GRANDE,ESCOLAR,95
LAPICERA,NOVA,GRANDE,DEPORTIVO,32
LAPICERA,NOVA,GRANDE,PREMIUM,69
LAPICERA,NOVA,GRANDE,ECO,6
LAPICERA,ALFA,CHICO,BASICO,43
LAPICERA,ALFA,CHICO,ESCOLAR,80
LAPICERA,ALFA,CHICO,DEPORTIVO,17
LAPICERA,ALFA,CHICO,PREMIUM,54
LAPICERA,ALFA,CHICO,ECO,91
LAPICERA,ALFA,MEDIANO,BASICO,28
LAPICERA,ALFA,MEDIANO,ESCOLAR,65
LAPICERA,ALFA,MEDIANO,DEPORTIVO,2
LAPICERA,ALFA,MEDIANO,PREMIUM,39
LAPICERA,ALFA,MEDIANO,ECO,76
LAPICERA,ALFA,GRANDE,BASICO,13
LAPICERA,ALFA,GRANDE,ESCOLAR,50
LAPICERA,ALFA,GRANDE,DEPORTIVO,87
LAPICERA,ALFA,GRANDE,PREMIUM,24
LAPICERA,ALFA,GRANDE,ECO,61
LAPICERA,OMEGA,CHICO,BASICO,98
LAPICERA,OMEGA,CHICO,ESCOLAR,35
LAPICERA,OMEGA,CHICO,DEPORTIVO,72
LAPICERA,OMEGA,CHICO,PREMIUM,9
LAPICERA,OMEGA,CHICO,ECO,46
LAPICERA,OMEGA,MEDIANO,BASICO,83
LAPICERA,OMEGA,MEDIANO,ESCOLAR,20
LAPICERA,OMEGA,MEDIANO,DEPORTIVO,57
LAPICERA,OMEGA,MEDIANO,PREMIUM,94
LAPICERA,OMEGA,MEDIANO,ECO,31
LAPICERA,OMEGA,GRANDE,BASICO,68
LAPICERA,OMEGA,GRANDE,ESCOLAR,5
LAPICERA,OMEGA,GRANDE,DEPORTIVO,42
LAPICERA,OMEGA,GRANDE,PREMIUM,79
LAPICERA,OMEGA,GRANDE,ECO,16
LAPICERA,DELTA,CHICO,BASICO,53
LAPICERA,DELTA,CHICO,ESCOLAR,90
LAPICERA,DELTA,CHICO,DEPORTIVO,27
LAPICERA,DELTA,CHICO,PREMIUM,64
LAPICERA,DELTA,CHICO,ECO,1
LAPICERA,DELTA,MEDIANO,BASICO,38
LAPICERA,DELTA,MEDIANO,ESCOLAR,75
LAPICERA,DELTA,MEDIANO,DEPORTIVO,12
LAPICERA,DELTA,MEDIANO,PREMIUM,49
LAPICERA,DELTA,MEDIANO,ECO,86
LAPICERA,DELTA,GRANDE,BASICO,23
LAPICERA,DELTA,GRANDE,ESCOLAR,60
LAPICERA,DELTA,GRANDE,DEPORTIVO,97
LAPICERA,DELTA,GRANDE,PREMIUM,34
LAPICERA,DELTA,GRANDE,ECO,71
LAPICERA,PRIME,CHICO,BASICO,8
LAPICERA,PRIME,CHICO,ESCOLAR,45
LAPICERA,PRIME,CHICO,DEPORTIVO,82
LAPICERA,PRIME,CHICO,PREMIUM,19
LAPICERA,PRIME,CHICO,ECO,56
LAPICERA,PRIME,MEDIANO,BASICO,93
LAPICERA,PRIME,MEDIANO,ESCOLAR,30
LAPICERA,PRIME,MEDIANO,DEPORTIVO,67
LAPICERA,PRIME,MEDIANO,PREMIUM,4
LAPICERA,PRIME,MEDIANO,ECO,41
LAPICERA,PRIME,GRANDE,BASICO,78
LAPICERA,PRIME,GRANDE,ESCOLAR,15
LAPICERA,PRIME,GRANDE,DEPORTIVO,52
LAPICERA,PRIME,GRANDE,PREMIUM,89
LAPICERA,PRIME,GRANDE,ECO,26
BOTELLA,NOVA,CHICO,BASICO,63
BOTELLA,NOVA,CHICO,ESCOLAR,100
BOTELLA,NOVA,CHICO,DEPORTIVO,37
BOTELLA,NOVA,CHICO,PREMIUM,74
BOTELLA,NOVA,CHICO,ECO,11
BOTELLA,NOVA,MEDIANO,BASICO,48
BOTELLA,NOVA,MEDIANO,ESCOLAR,85
BOTELLA,NOVA,MEDIANO,DEPORTIVO,22
BOTELLA,NOVA,MEDIANO,PREMIUM,59
BOTELLA,NOVA,MEDIANO,ECO,96
BOTELLA,NOVA,GRANDE,BASICO,33
BOTELLA,NOVA,GRANDE,ESCOLAR,70
BOTELLA,NOVA,GRANDE,DEPORTIVO,7
BOTELLA,NOVA,GRANDE,PREMIUM,44
BOTELLA,NOVA,GRANDE,ECO,81
BOTELLA,ALFA,CHICO,BASICO,18
BOTELLA,ALFA,CHICO,ESCOLAR,55
BOTELLA,ALFA,CHICO,DEPORTIVO,92
BOTELLA,ALFA,CHICO,PREMIUM,29
BOTELLA,ALFA,CHICO,ECO,66
BOTELLA,ALFA,MEDIANO,BASICO,3
BOTELLA,ALFA,MEDIANO,ESCOLAR,40
BOTELLA,ALFA,MEDIANO,DEPORTIVO,77
BOTELLA,ALFA,MEDIANO,PREMIUM,14
BOTELLA,ALFA,MEDIANO,ECO,51
BOTELLA,ALFA,GRANDE,BASICO,88
BOTELLA,ALFA,GRANDE,ESCOLAR,25
BOTELLA,ALFA,GRANDE,DEPORTIVO,62
BOTELLA,ALFA,GRANDE,PREMIUM,99
BOTELLA,ALFA,GRANDE,ECO,36
BOTELLA,OMEGA,CHICO,BASICO,73
BOTELLA,OMEGA,CHICO,ESCOLAR,10
BOTELLA,OMEGA,CHICO,DEPORTIVO,47
BOTELLA,OMEGA,CHICO,PREMIUM,84
BOTELLA,OMEGA,CHICO,ECO,21
BOTELLA,OMEGA,MEDIANO,BASICO,58
BOTELLA,OMEGA,MEDIANO,ESCOLAR,95
BOTELLA,OMEGA,MEDIANO,DEPORTIVO,32
BOTELLA,OMEGA,MEDIANO,PREMIUM,69
BOTELLA,OMEGA,MEDIANO,ECO,6
BOTELLA,OMEGA,GRANDE,BASICO,43
BOTELLA,OMEGA,GRANDE,ESCOLAR,80
BOTELLA,OMEGA,GRANDE,DEPORTIVO,17
BOTELLA,OMEGA,GRANDE,PREMIUM,54
BOTELLA,OMEGA,GRANDE,ECO,91
BOTELLA,DELTA,CHICO,BASICO,28
BOTELLA,DELTA,CHICO,ESCOLAR,65
BOTELLA,DELTA,CHICO,DEPORTIVO,2
BOTELLA,DELTA,CHICO,PREMIUM,39
BOTELLA,DELTA,CHICO,ECO,76
BOTELLA,DELTA,MEDIANO,BASICO,13
BOTELLA,DELTA,MEDIANO,ESCOLAR,50
BOTELLA,DELTA,MEDIANO,DEPORTIVO,87
BOTELLA,DELTA,MEDIANO,PREMIUM,24
BOTELLA,DELTA,MEDIANO,ECO,61
BOTELLA,DELTA,GRANDE,BASICO,98
BOTELLA,DELTA,GRANDE,ESCOLAR,35
BOTELLA,DELTA,GRANDE,DEPORTIVO,72
BOTELLA,DELTA,GRANDE,PREMIUM,9
BOTELLA,DELTA,GRANDE,ECO,46
BOTELLA,PRIME,CHICO,BASICO,83
BOTELLA,PRIME,CHICO,ESCOLAR,20
BOTELLA,PRIME,CHICO,DEPORTIVO,57
BOTELLA,PRIME,CHICO,PREMIUM,94
BOTELLA,PRIME,CHICO,ECO,31
BOTELLA,PRIME,MEDIANO,BASICO,68
BOTELLA,PRIME,MEDIANO,ESCOLAR,5
BOTELLA,PRIME,MEDIANO,DEPORTIVO,42
BOTELLA,PRIME,MEDIANO,PREMIUM,79
BOTELLA,PRIME,MEDIANO,ECO,16
BOTELLA,PRIME,GRANDE,BASICO,53
BOTELLA,PRIME,GRANDE,ESCOLAR,90
BOTELLA,PRIME,GRANDE,DEPORTIVO,27
BOTELLA,PRIME,GRANDE,PREMIUM,64
BOTELLA,PRIME,GRANDE,ECO,1
CARPETA,NOVA,CHICO,BASICO,38
CARPETA,NOVA,CHICO,ESCOLAR,75
CARPETA,NOVA,CHICO,DEPORTIVO,12
CARPETA,NOVA,CHICO,PREMIUM,49
CARPETA,NOVA,CHICO,ECO,86
CARPETA,NOVA,MEDIANO,BASICO,23
CARPETA,NOVA,MEDIANO,ESCOLAR,60
CARPETA,NOVA,MEDIANO,DEPORTIVO,97
CARPETA,NOVA,MEDIANO,PREMIUM,34
CARPETA,NOVA,MEDIANO,ECO,71
CARPETA,NOVA,GRANDE,BASICO,8
CARPETA,NOVA,GRANDE,ESCOLAR,45
CARPETA,NOVA,GRANDE,DEPORTIVO,82
CARPETA,NOVA,GRANDE,PREMIUM,19
CARPETA,NOVA,GRANDE,ECO,56
CARPETA,ALFA,CHICO,BASICO,93
CARPETA,ALFA,CHICO,ESCOLAR,30
CARPETA,ALFA,CHICO,DEPORTIVO,67
CARPETA,ALFA,CHICO,PREMIUM,4
CARPETA,ALFA,CHICO,ECO,41
CARPETA,ALFA,MEDIANO,BASICO,78
CARPETA,ALFA,MEDIANO,ESCOLAR,15
CARPETA,ALFA,MEDIANO,DEPORTIVO,52
CARPETA,ALFA,MEDIANO,PREMIUM,89
CARPETA,ALFA,MEDIANO,ECO,26
CARPETA,ALFA,GRANDE,BASICO,63
CARPETA,ALFA,GRANDE,ESCOLAR,100
CARPETA,ALFA,GRANDE,DEPORTIVO,37
CARPETA,ALFA,GRANDE,PREMIUM,74
CARPETA,ALFA,GRANDE,ECO,11
CARPETA,OMEGA,CHICO,BASICO,48
CARPETA,OMEGA,CHICO,ESCOLAR,85
CARPETA,OMEGA,CHICO,DEPORTIVO,22
CARPETA,OMEGA,CHICO,PREMIUM,59
CARPETA,OMEGA,CHICO,ECO,96
CARPETA,OMEGA,MEDIANO,BASICO,33
CARPETA,OMEGA,MEDIANO,ESCOLAR,70
CARPETA,OMEGA,MEDIANO,DEPORTIVO,7
CARPETA,OMEGA,MEDIANO,PREMIUM,44
CARPETA,OMEGA,MEDIANO,ECO,81
CARPETA,OMEGA,GRANDE,BASICO,18
CARPETA,OMEGA,GRANDE,ESCOLAR,55
CARPETA,OMEGA,GRANDE,DEPORTIVO,92
CARPETA,OMEGA,GRANDE,PREMIUM,29
CARPETA,OMEGA,GRANDE,ECO,66
CARPETA,DELTA,CHICO,BASICO,3
CARPETA,DELTA,CHICO,ESCOLAR,40
CARPETA,DELTA,CHICO,DEPORTIVO,77
CARPETA,DELTA,CHICO,PREMIUM,14
CARPETA,DELTA,CHICO,ECO,51
CARPETA,DELTA,MEDIANO,BASICO,88
CARPETA,DELTA,MEDIANO,ESCOLAR,25
CARPETA,DELTA,MEDIANO,DEPORTIVO,62
CARPETA,DELTA,MEDIANO,PREMIUM,99
CARPETA,DELTA,MEDIANO,ECO,36
CARPETA,DELTA,GRANDE,BASICO,73
CARPETA,DELTA,GRANDE,ESCOLAR,10
CARPETA,DELTA,GRANDE,DEPORTIVO,47
CARPETA,DELTA,GRANDE,PREMIUM,84
CARPETA,DELTA,GRANDE,ECO,21
CARPETA,PRIME,CHICO,BASICO,58
CARPETA,PRIME,CHICO,ESCOLAR,95
CARPETA,PRIME,CHICO,DEPORTIVO,32
CARPETA,PRIME,CHICO,PREMIUM,69
CARPETA,PRIME,CHICO,ECO,6
CARPETA,PRIME,MEDIANO,BASICO,43
CARPETA,PRIME,MEDIANO,ESCOLAR,80
CARPETA,PRIME,MEDIANO,DEPORTIVO,17
CARPETA,PRIME,MEDIANO,PREMIUM,54
CARPETA,PRIME,MEDIANO,ECO,91
CARPETA,PRIME,GRANDE,BASICO,28
CARPETA,PRIME,GRANDE,ESCOLAR,65
CARPETA,PRIME,GRANDE,DEPORTIVO,2
CARPETA,PRIME,GRANDE,PREMIUM,39
CARPETA,PRIME,GRANDE,ECO,76
